FirstAdd.addNode( NodeProperties node );6;2;11
LeafAdd.addNode( NodeProperties node );3;1;4
QuadTree.QuadTree( float posX , float posY , float size , int maxLevel );1;1;9
QuadTree.addInterval( Interval interval );4;1;3
QuadTree.addNode( NodeProperties node );12;5;8
QuadTree.addTimestamp( double timestamp );3;1;3
QuadTree.addToChildren( NodeProperties node );3;3;8
QuadTree.alpha( );3;1;3
QuadTree.assimilateNode( NodeProperties node );11;1;5
QuadTree.b( );3;1;3
QuadTree.buildTree( Graph graph , int maxLevel );6;3;18
QuadTree.clearAttributes( );2;1;3
QuadTree.divideTree( );15;1;12
QuadTree.g( );3;1;3
QuadTree.getAttribute( Column column );3;1;3
QuadTree.getAttribute( Column column , GraphView view );4;1;3
QuadTree.getAttribute( Column column , Interval interval );4;1;3
QuadTree.getAttribute( Column column , double timestamp );3;1;3
QuadTree.getAttribute( String key );3;1;3
QuadTree.getAttribute( String key , GraphView view );4;1;3
QuadTree.getAttribute( String key , Interval interval );4;1;3
QuadTree.getAttribute( String key , double timestamp );3;1;3
QuadTree.getAttributeColumns( );2;1;3
QuadTree.getAttributeKeys( );2;1;3
QuadTree.getAttributes( );2;1;3
QuadTree.getAttributes( Column column );3;1;3
QuadTree.getChildren( );2;1;3
QuadTree.getColor( );2;1;3
QuadTree.getId( );2;1;3
QuadTree.getIntervals( );2;1;3
QuadTree.getLabel( );3;1;3
QuadTree.getLayoutData( );2;1;3
QuadTree.getRGBA( );3;1;3
QuadTree.getStoreId( );3;1;3
QuadTree.getTable( );2;1;4
QuadTree.getTextProperties( );2;1;3
QuadTree.getTimeBounds( );2;1;3
QuadTree.getTimestamps( );3;1;3
QuadTree.hasInterval( Interval interval );4;1;3
QuadTree.hasTimestamp( double timestamp );3;1;3
QuadTree.isFixed( );3;1;3
QuadTree.isIsLeaf( );2;1;3
QuadTree.mass( );2;1;3
QuadTree.r( );3;1;3
QuadTree.removeAttribute( Column column );3;1;3
QuadTree.removeAttribute( Column column , Interval interval );4;1;3
QuadTree.removeAttribute( Column column , double timestamp );3;1;3
QuadTree.removeAttribute( String key );3;1;3
QuadTree.removeAttribute( String key , Interval interval );4;1;4
QuadTree.removeAttribute( String key , double timestamp );3;1;3
QuadTree.removeInterval( Interval interval );4;1;3
QuadTree.removeTimestamp( double timestamp );3;1;3
QuadTree.setAlpha( float a );2;1;3
QuadTree.setAttribute( Column column , Object value );4;1;3
QuadTree.setAttribute( Column column , Object value , Interval interval );5;1;3
QuadTree.setAttribute( Column column , Object value , double timestamp );4;1;3
QuadTree.setAttribute( String key , Object value );4;1;3
QuadTree.setAttribute( String key , Object value , Interval interval );5;1;3
QuadTree.setAttribute( String key , Object value , double timestamp );4;1;3
QuadTree.setB( float b );2;1;3
QuadTree.setColor( Color color );3;1;3
QuadTree.setFixed( boolean fixed );2;1;3
QuadTree.setG( float g );2;1;3
QuadTree.setLabel( String label );3;1;3
QuadTree.setLayoutData( LayoutData layoutData );3;1;3
QuadTree.setPosition( float x , float y );2;1;3
QuadTree.setPosition( float x , float y , float z );2;1;3
QuadTree.setR( float r );2;1;3
QuadTree.setSize( float size );2;1;3
QuadTree.setX( float x );2;1;3
QuadTree.setY( float y );2;1;3
QuadTree.setZ( float z );2;1;3
QuadTree.size( );2;1;3
QuadTree.x( );2;1;3
QuadTree.y( );2;1;3
QuadTree.z( );3;1;3
RootAdd.addNode( NodeProperties node );3;1;4
SecondAdd.addNode( NodeProperties node );4;1;6
